category,source,identifier,detail
missing_story_id,Dataset.xlsx:CQs,2,Excluded from full generation scope by explicit source evidence.
missing_story_id,Dataset.xlsx:CQs,3,Excluded from full generation scope by explicit source evidence.
missing_story_id,Dataset.xlsx:CQs,4,Excluded from full generation scope by explicit source evidence.
missing_story_id,Dataset.xlsx:CQs,5,Excluded from full generation scope by explicit source evidence.
missing_story_id,Dataset.xlsx:CQs,6,Excluded from full generation scope by explicit source evidence.
missing_story_id,Dataset.xlsx:CQs,7,Excluded from full generation scope by explicit source evidence.
missing_story_id,Dataset.xlsx:CQs,8,Excluded from full generation scope by explicit source evidence.
missing_story_id,Dataset.xlsx:CQs,9,Excluded from full generation scope by explicit source evidence.
missing_story_id,Dataset.xlsx:CQs,10,Excluded from full generation scope by explicit source evidence.
missing_story_id,Dataset.xlsx:CQs,11,Excluded from full generation scope by explicit source evidence.
missing_story_id,Dataset.xlsx:CQs,12,Excluded from full generation scope by explicit source evidence.
missing_story_id,Dataset.xlsx:CQs,13,Excluded from full generation scope by explicit source evidence.
missing_story_id,Dataset.xlsx:CQs,14,Excluded from full generation scope by explicit source evidence.
missing_story_id,Dataset.xlsx:CQs,15,Excluded from full generation scope by explicit source evidence.
missing_story_id,Dataset.xlsx:CQs,16,Excluded from full generation scope by explicit source evidence.
missing_story_id,Dataset.xlsx:CQs,17,Excluded from full generation scope by explicit source evidence.
missing_story_id,Dataset.xlsx:CQs,29,Excluded from full generation scope by explicit source evidence.
missing_story_id,Dataset.xlsx:CQs,30,Excluded from full generation scope by explicit source evidence.
missing_story_id,Dataset.xlsx:CQs,31,Excluded from full generation scope by explicit source evidence.
missing_story_id,Dataset.xlsx:CQs,32,Excluded from full generation scope by explicit source evidence.
missing_story_id,Dataset.xlsx:CQs,33,Excluded from full generation scope by explicit source evidence.
missing_story_id,Dataset.xlsx:CQs,34,Excluded from full generation scope by explicit source evidence.
missing_story_id,Dataset.xlsx:CQs,35,Excluded from full generation scope by explicit source evidence.
missing_story_id,Dataset.xlsx:CQs,36,Excluded from full generation scope by explicit source evidence.
missing_story_id,Dataset.xlsx:CQs,37,Excluded from full generation scope by explicit source evidence.
missing_story_id,Dataset.xlsx:CQs,38,Excluded from full generation scope by explicit source evidence.
missing_story_id,Dataset.xlsx:CQs,39,Excluded from full generation scope by explicit source evidence.
missing_story_id,Dataset.xlsx:CQs,40,Excluded from full generation scope by explicit source evidence.
missing_story_id,Dataset.xlsx:CQs,41,Excluded from full generation scope by explicit source evidence.
missing_story_id,Dataset.xlsx:CQs,42,Excluded from full generation scope by explicit source evidence.
missing_story_id,Dataset.xlsx:CQs,43,Excluded from full generation scope by explicit source evidence.
missing_story_id,Dataset.xlsx:CQs,44,Excluded from full generation scope by explicit source evidence.
missing_story_id,Dataset.xlsx:CQs,45,Excluded from full generation scope by explicit source evidence.
missing_story_id,Dataset.xlsx:CQs,46,Excluded from full generation scope by explicit source evidence.
missing_story_id,Dataset.xlsx:CQs,47,Excluded from full generation scope by explicit source evidence.
missing_story_id,Dataset.xlsx:CQs,48,Excluded from full generation scope by explicit source evidence.
missing_story_id,Dataset.xlsx:CQs,49,Excluded from full generation scope by explicit source evidence.
missing_story_id,Dataset.xlsx:CQs,50,Excluded from full generation scope by explicit source evidence.
empty_cq,Dataset.xlsx:CQs,53,Excluded from full generation scope by explicit source evidence.
empty_cq,Dataset.xlsx:CQs,54,Excluded from full generation scope by explicit source evidence.
empty_cq,Dataset.xlsx:CQs,55,Excluded from full generation scope by explicit source evidence.
empty_cq,Dataset.xlsx:CQs,56,Excluded from full generation scope by explicit source evidence.
empty_cq,Dataset.xlsx:CQs,57,Excluded from full generation scope by explicit source evidence.
empty_cq,Dataset.xlsx:CQs,58,Excluded from full generation scope by explicit source evidence.
