source_row,cq_id,story_id,gold_path,gold_sha256,gold_parse_success,mapping_status,gold_mapping_method
2,JAMSCQ1,,,,,missing,unmapped
3,JAMSCQ2,,,,,missing,unmapped
4,JAMSCQ3,,,,,missing,unmapped
5,JAMSCQ4,,,,,missing,unmapped
6,JAMSCQ5,,,,,missing,unmapped
7,JAMSCQ6,,,,,missing,unmapped
8,JAMSCQ7,,,,,missing,unmapped
9,JAMSCQ8,,,,,missing,unmapped
10,JAMSCQ9,,,,,missing,unmapped
11,JAMSCQ10,,,,,missing,unmapped
12,JAMSCQ11,,,,,missing,unmapped
13,JAMSCQ12,,,,,missing,unmapped
14,JAMSCQ13,,,,,missing,unmapped
15,MPROJCQ1,,,,,missing,unmapped
16,MPROJCQ2,,,,,missing,unmapped
17,MPROJCQ3,,,,,missing,unmapped
18,SOURCECQ1,Paul#2_ResourceReliability;Ortenz#1_MusicAndChildhood,datasets/ontology_generation/gold/modules_part2/SOURCECQ1.ttl,c5cedcd2b55a3a63eb8b158f1b4df6f503f31b6df1d56dadfa5d09692ece11d6,True,mapped,exact_id
19,SOURCECQ2,Paul#2_ResourceReliability;Ortenz#1_MusicAndChildhood,datasets/ontology_generation/gold/modules_part2/SOURCECQ2.ttl,1f3df83158be426c0d19b8f2749d8b9368b68f9c45423d75242fbe163555df9d,True,mapped,exact_id
20,SOURCECQ4,Paul#2_ResourceReliability;Ortenz#1_MusicAndChildhood,datasets/ontology_generation/gold/modules_part2/SOURCECQ4.ttl,8d60c460c2a0b043368235e65b5bcad835c854a29ae856ab1f9ee7cda432e391,True,mapped,exact_id
21,SOURCECQ5,Paul#2_ResourceReliability;Ortenz#1_MusicAndChildhood,datasets/ontology_generation/gold/modules_part2/SOURCECQ5.ttl,f6e7e5b33411cccc4e274803e9e6941bfd0672480f7e2aa366a685778bdccb2e,True,mapped,exact_id
22,SOURCECQ6,Paul#2_ResourceReliability;Ortenz#1_MusicAndChildhood,datasets/ontology_generation/gold/modules_part2/SOURCECQ6.ttl,f6e7e5b33411cccc4e274803e9e6941bfd0672480f7e2aa366a685778bdccb2e,True,mapped,exact_id
23,MINSTCQ1,Sophia#3_Reorchestration,datasets/ontology_generation/gold/modules_part2/MINSTCQ1.ttl,1dc3f98f1265b6fe3f77e677786015a7c28611e61631f8c04afe6223ef579a50,True,mapped,exact_id
24,MINSTCQ2,Sophia#3_Reorchestration,datasets/ontology_generation/gold/modules_part2/MINSTCQ2.ttl,bb317968d4fd97514beba0308110bf43987e6b3864786d66fe99ff997d1dbb51,True,mapped,exact_id
25,MINSTCQ3,Sophia#3_Reorchestration,datasets/ontology_generation/gold/modules_part2/MINSTCQ3.ttl,ad423c35267792563bc09697e8958a713df1066f1eaf4169e7495dacdb4761f8,True,mapped,exact_id
26,MINSTCQ4,Sophia#3_Reorchestration,datasets/ontology_generation/gold/modules_part2/MINSTCQ4.ttl,9e588433a6c876e2fe97c4a26b23e70358f6c2ba9e57495419401f33fc9d4220,True,mapped,exact_id
27,MINSTCQ5,Sophia#3_Reorchestration,datasets/ontology_generation/gold/modules_part2/MINSTCQ5.ttl,53db8c8618dc5ebbbca0fc9b574c1a3bf4e2e637c96ab98fe27d8d454b778a21,True,mapped,exact_id
28,MINSTCQ7,Sophia#3_Reorchestration,datasets/ontology_generation/gold/modules_part2/MINSTCQ7.ttl,010ea5147959eae8cb6a95f8476054fd713a37e7e02aaf4ca32bc01e5f4d870c,True,mapped,exact_id
29,MROCQ1,,,,,missing,unmapped
30,MROCQ2,,,,,missing,unmapped
31,MROCQ3,,,,,missing,unmapped
32,MROCQ4,,,,,missing,unmapped
33,MROCQ5,,,,,missing,unmapped
34,MROCQ6,,,,,missing,unmapped
35,MROCQ7,,,,,missing,unmapped
36,MROCQ8,,,,,missing,unmapped
37,MROCQ9,,,,,missing,unmapped
38,MROCQ10,,,,,missing,unmapped
39,PCORECQ1,,,,,missing,unmapped
40,PCORECQ2,,,,,missing,unmapped
41,PCORECQ3,,,,,missing,unmapped
42,PCORECQ4,,,,,missing,unmapped
43,PCORECQ5,,,,,missing,unmapped
44,PCORECQ6,,,,,missing,unmapped
45,PCORECQ7,,,,,missing,unmapped
46,PCORECQ8,,,,,missing,unmapped
47,PCORECQ9,,,,,missing,unmapped
48,PCORECQ10,,,,,missing,unmapped
49,PCORECQ11,,,,,missing,unmapped
50,PCORECQ12,,,,,missing,unmapped
51,WHOWHYCQ1,Sage#1_WHOW,,,,missing,unmapped
52,WHOWHYCQ4,Sage#1_WHOW,datasets/ontology_generation/gold/modules_part2/WHOWHYCQ4.ttl,183ebdb408eae176f90ce06e63793869f515114dd2487be26653868968e591a4,True,mapped,exact_id
53,,,,,,missing,unmapped
54,,,,,,missing,unmapped
55,,,,,,missing,unmapped
56,,,,,,missing,unmapped
57,,,,,,missing,unmapped
58,,,,,,missing,unmapped
59,cq2,3,datasets/ontology_generation/gold/modules_part1/cq2.ttl,983a27b7f5445ce76faa1bcf793216fd2ec0bcf041e519f6ea91076c0d8e89e5,True,mapped,exact_id
60,cq4,5,datasets/ontology_generation/gold/modules_part1/cq4.ttl,6ae017d1862967e3e04fde042f1c6f07a66874ba01267ef9e3249d30fc565d65,True,mapped,exact_id
61,cq6,2,datasets/ontology_generation/gold/modules_part1/cq6.ttl,cfe81e043ae68e2116bed564c9f3f9258d06ebe8092713ab5e79448101a7319b,True,mapped,exact_id
62,cq7,6,datasets/ontology_generation/gold/modules_part1/cq7.ttl,855b2a243163f9530713f4d37c6bac3812b7942cc760e39c42a9509c4a147c2c,True,mapped,exact_id
63,cq8,1,datasets/ontology_generation/gold/modules_part1/cq8.ttl,38d99cce2bfe412cf9738397e1859a4e0febed85a378b94a83abde9311385e42,True,mapped,exact_id
64,cq9,5,datasets/ontology_generation/gold/modules_part1/cq9.ttl,493b893929d2f34557684bb13939327bb1f5ad7c1172569193989420d23e1ad0,True,mapped,exact_id
65,cq11,3,datasets/ontology_generation/gold/modules_part1/cq11.ttl,38d99cce2bfe412cf9738397e1859a4e0febed85a378b94a83abde9311385e42,True,mapped,exact_id
66,cq12,4,datasets/ontology_generation/gold/modules_part1/cq12.ttl,91acf4982df26fc0b63cff6e842ed0efd6798c22facd9f076195025dbcf99649,True,mapped,exact_id
67,cq13,11,datasets/ontology_generation/gold/modules_part1/cq13.ttl,91acf4982df26fc0b63cff6e842ed0efd6798c22facd9f076195025dbcf99649,True,mapped,exact_id
68,cq14,12,datasets/ontology_generation/gold/modules_part1/cq14.ttl,88f764be6f197baa495e4d62fd3c616a7545899b36228237a0880ec52ecae64b,True,mapped,exact_id
69,cq15,5,datasets/ontology_generation/gold/modules_part1/cq15.ttl,005061c543fc9f306b19678cf195d27e94149ce8b918b9d06bd686d85003c909,True,mapped,exact_id
70,cq17,14,datasets/ontology_generation/gold/modules_part1/cq17.ttl,bfdcd5e293ebd68cafa025c947683e2f2a5b4e848553b1c85e6abe0ce8a36bd0,True,mapped,exact_id
71,cq19,15,datasets/ontology_generation/gold/modules_part1/cq19.ttl,9d6b6347f3d748e6dacda3f7e09eda9e910776afe05eef009b3dbd12f63cd8f1,True,mapped,exact_id
72,cq20,16,,,,missing,unmapped
73,cq21,16,,,,missing,unmapped
74,cq22,12,,,,missing,unmapped
75,FestSCQ1,FestS,,,,missing,unmapped
76,FestSCQ2,FestS,,,,missing,unmapped
77,FestSCQ3,FestS,,,,missing,unmapped
78,FestSCQ4,FestS,,,,missing,unmapped
79,FestSCQ5,FestS,,,,missing,unmapped
80,FestSCQ6,FestS,,,,missing,unmapped
81,FestSCQ7,FestS,,,,missing,unmapped
82,FestSCQ8,FestS,,,,missing,unmapped
83,FestSCQ9,FestS,,,,missing,unmapped
84,FestSCQ10,FestS,,,,missing,unmapped
85,FestSCQ11,FestS,,,,missing,unmapped
86,FestSCQ12,FestS,,,,missing,unmapped
87,FestSCQ13,FestS,,,,missing,unmapped
88,FestSCQ14,FestS,,,,missing,unmapped
89,FestSCQ15,FestS,,,,missing,unmapped
90,MusicSCQ1,MusicS,,,,missing,unmapped
91,MusicSCQ2,MusicS,,,,missing,unmapped
92,MusicSCQ3,MusicS,,,,missing,unmapped
93,MusicSCQ4,MusicS,,,,missing,unmapped
94,MusicSCQ5,MusicS,,,,missing,unmapped
95,MusicSCQ6,MusicS,,,,missing,unmapped
96,MusicSCQ7,MusicS,,,,missing,unmapped
97,MusicSCQ8,MusicS,,,,missing,unmapped
98,MusicSCQ9,MusicS,,,,missing,unmapped
99,MusicSCQ10,MusicS,,,,missing,unmapped
100,MusicSCQ11,MusicS,,,,missing,unmapped
101,MusicSCQ12,MusicS,,,,missing,unmapped
102,MusicSCQ13,MusicS,,,,missing,unmapped
103,MusicSCQ14,MusicS,,,,missing,unmapped
104,MusicSCQ15,MusicS,,,,missing,unmapped
105,HospitalSCQ1,HospitalS,datasets/ontology_generation/gold/modules_part2/hospitalscq1.ttl,d204fb724ad3805926572ca29b8e4660c83d251f267b4946be4fa816da2a8c89,True,mapped,exact_id
106,HospitalSCQ2,HospitalS,datasets/ontology_generation/gold/modules_part2/hospitalscq2.ttl,70984570b758c1424276950695a78136822fc2b6eb12c1e81714c654cce7e937,True,mapped,exact_id
107,HospitalSCQ3,HospitalS,,,,missing,unmapped
108,HospitalSCQ4,HospitalS,,,,missing,unmapped
109,HospitalSCQ5,HospitalS,,,,missing,unmapped
110,HospitalSCQ6,HospitalS,,,,missing,unmapped
111,HospitalSCQ7,HospitalS,,,,missing,unmapped
112,HospitalSCQ8,HospitalS,,,,missing,unmapped
113,HospitalSCQ9,HospitalS,,,,missing,unmapped
114,HospitalSCQ10,HospitalS,,,,missing,unmapped
115,HospitalSCQ11,HospitalS,,,,missing,unmapped
116,HospitalSCQ12,HospitalS,,,,missing,unmapped
117,HospitalSCQ13,HospitalS,,,,missing,unmapped
118,HospitalSCQ14,HospitalS,,,,missing,unmapped
119,HospitalSCQ15,HospitalS,,,,missing,unmapped
